path,target,pred,pred_confidence,true_class_probability,target_name,pred_name
C:\Users\haitr\OneDrive\Desktop\DL-Assignment-DNAC1\data\crop-pest-and-disease-detection\Maize leaf spot\leaf spot452_.jpg,15,14,0.9092256,0.022921635,Maize leaf spot,Maize leaf blight
C:\Users\haitr\OneDrive\Desktop\DL-Assignment-DNAC1\data\crop-pest-and-disease-detection\Tomato verticulium wilt\verticulium wilt431_.jpg,21,20,0.9253927,0.019211203,Tomato verticulium wilt,Tomato septoria leaf spot
C:\Users\haitr\OneDrive\Desktop\DL-Assignment-DNAC1\data\crop-pest-and-disease-detection\Maize leaf spot\leaf spot1064_.jpg,15,14,0.8279524,0.07186713,Maize leaf spot,Maize leaf blight
C:\Users\haitr\OneDrive\Desktop\DL-Assignment-DNAC1\data\crop-pest-and-disease-detection\Maize streak virus\streak virus316_.jpg,16,15,0.50166374,0.029039914,Maize streak virus,Maize leaf spot
C:\Users\haitr\OneDrive\Desktop\DL-Assignment-DNAC1\data\crop-pest-and-disease-detection\Tomato leaf blight\leaf blight443_.jpg,18,20,0.80459356,0.08420293,Tomato leaf blight,Tomato septoria leaf spot
C:\Users\haitr\OneDrive\Desktop\DL-Assignment-DNAC1\data\crop-pest-and-disease-detection\Maize leaf spot\leaf spot1240_.jpg,15,14,0.90576065,0.013953022,Maize leaf spot,Maize leaf blight
C:\Users\haitr\OneDrive\Desktop\DL-Assignment-DNAC1\data\crop-pest-and-disease-detection\Maize leaf spot\leaf spot838_.jpg,15,14,0.87558275,0.03219762,Maize leaf spot,Maize leaf blight
C:\Users\haitr\OneDrive\Desktop\DL-Assignment-DNAC1\data\crop-pest-and-disease-detection\Cashew leaf miner\leaf miner139_.jpg,3,2,0.38437247,0.19409446,Cashew leaf miner,Cashew healthy
C:\Users\haitr\OneDrive\Desktop\DL-Assignment-DNAC1\data\crop-pest-and-disease-detection\Maize leaf spot\leaf spot426_.jpg,15,14,0.9027611,0.035231736,Maize leaf spot,Maize leaf blight
C:\Users\haitr\OneDrive\Desktop\DL-Assignment-DNAC1\data\crop-pest-and-disease-detection\Cashew anthracnose\anthracnose1240_.jpg,0,3,0.58663464,0.16680954,Cashew anthracnose,Cashew leaf miner
C:\Users\haitr\OneDrive\Desktop\DL-Assignment-DNAC1\data\crop-pest-and-disease-detection\Tomato verticulium wilt\verticulium wilt522_.jpg,21,20,0.8016132,0.060340226,Tomato verticulium wilt,Tomato septoria leaf spot
C:\Users\haitr\OneDrive\Desktop\DL-Assignment-DNAC1\data\crop-pest-and-disease-detection\Cassava brown spot\brown spot89_.jpg,6,5,0.8386789,0.031551894,Cassava brown spot,Cassava bacterial blight
C:\Users\haitr\OneDrive\Desktop\DL-Assignment-DNAC1\data\crop-pest-and-disease-detection\Tomato verticulium wilt\leaf blight914_.jpg,21,20,0.47660196,0.012801165,Tomato verticulium wilt,Tomato septoria leaf spot
C:\Users\haitr\OneDrive\Desktop\DL-Assignment-DNAC1\data\crop-pest-and-disease-detection\Cashew leaf miner\leaf miner864_.jpg,3,2,0.3989953,0.02237912,Cashew leaf miner,Cashew healthy
C:\Users\haitr\OneDrive\Desktop\DL-Assignment-DNAC1\data\crop-pest-and-disease-detection\Maize leaf blight\leaf blight922_.jpg,14,15,0.90057546,0.017380953,Maize leaf blight,Maize leaf spot
C:\Users\haitr\OneDrive\Desktop\DL-Assignment-DNAC1\data\crop-pest-and-disease-detection\Tomato leaf curl\leaf curl254_.jpg,19,20,0.851927,0.05791588,Tomato leaf curl,Tomato septoria leaf spot
C:\Users\haitr\OneDrive\Desktop\DL-Assignment-DNAC1\data\crop-pest-and-disease-detection\Cashew healthy\healthy997_.jpg,2,0,0.48907822,0.2707849,Cashew healthy,Cashew anthracnose
C:\Users\haitr\OneDrive\Desktop\DL-Assignment-DNAC1\data\crop-pest-and-disease-detection\Tomato verticulium wilt\verticulium wilt91_.jpg,21,20,0.7909737,0.044331517,Tomato verticulium wilt,Tomato septoria leaf spot
C:\Users\haitr\OneDrive\Desktop\DL-Assignment-DNAC1\data\crop-pest-and-disease-detection\Cassava green mite\green mite615_.jpg,7,5,0.82381725,0.032350082,Cassava green mite,Cassava bacterial blight
C:\Users\haitr\OneDrive\Desktop\DL-Assignment-DNAC1\data\crop-pest-and-disease-detection\Cassava brown spot\brown spot1090_.jpg,6,21,0.53869075,0.22047533,Cassava brown spot,Tomato verticulium wilt
C:\Users\haitr\OneDrive\Desktop\DL-Assignment-DNAC1\data\crop-pest-and-disease-detection\Cassava brown spot\brown spot52_.jpg,6,5,0.5192916,0.12182264,Cassava brown spot,Cassava bacterial blight
C:\Users\haitr\OneDrive\Desktop\DL-Assignment-DNAC1\data\crop-pest-and-disease-detection\Cassava bacterial blight\bacterial blight1274_.jpg,5,8,0.39015532,0.022521874,Cassava bacterial blight,Cassava healthy
C:\Users\haitr\OneDrive\Desktop\DL-Assignment-DNAC1\data\crop-pest-and-disease-detection\Cashew gumosis\gumosis285_.jpg,1,5,0.3497443,0.12740263,Cashew gumosis,Cassava bacterial blight
C:\Users\haitr\OneDrive\Desktop\DL-Assignment-DNAC1\data\crop-pest-and-disease-detection\Tomato leaf curl\leaf curl377_.jpg,19,20,0.586422,0.014666665,Tomato leaf curl,Tomato septoria leaf spot
C:\Users\haitr\OneDrive\Desktop\DL-Assignment-DNAC1\data\crop-pest-and-disease-detection\Tomato septoria leaf spot\septoria leaf spot289_.jpg,20,18,0.5883408,0.20464076,Tomato septoria leaf spot,Tomato leaf blight
C:\Users\haitr\OneDrive\Desktop\DL-Assignment-DNAC1\data\crop-pest-and-disease-detection\Tomato leaf blight\leaf blight1274_.jpg,18,20,0.9269431,0.0049638525,Tomato leaf blight,Tomato septoria leaf spot
C:\Users\haitr\OneDrive\Desktop\DL-Assignment-DNAC1\data\crop-pest-and-disease-detection\Maize streak virus\streak virus598_.jpg,16,15,0.9353795,0.005266143,Maize streak virus,Maize leaf spot
C:\Users\haitr\OneDrive\Desktop\DL-Assignment-DNAC1\data\crop-pest-and-disease-detection\Maize leaf blight\leaf blight402_.jpg,14,10,0.6704052,0.034297936,Maize leaf blight,Maize fall armyworm
C:\Users\haitr\OneDrive\Desktop\DL-Assignment-DNAC1\data\crop-pest-and-disease-detection\Tomato leaf blight\leaf blight488_.jpg,18,20,0.85619044,0.005241889,Tomato leaf blight,Tomato septoria leaf spot
C:\Users\haitr\OneDrive\Desktop\DL-Assignment-DNAC1\data\crop-pest-and-disease-detection\Tomato leaf blight\leaf blight515_.jpg,18,20,0.9148879,0.011101823,Tomato leaf blight,Tomato septoria leaf spot
C:\Users\haitr\OneDrive\Desktop\DL-Assignment-DNAC1\data\crop-pest-and-disease-detection\Maize fall armyworm\fall armyworm265_.jpg,10,15,0.5813763,0.08520786,Maize fall armyworm,Maize leaf spot
C:\Users\haitr\OneDrive\Desktop\DL-Assignment-DNAC1\data\crop-pest-and-disease-detection\Maize leaf blight\leaf blight314_.jpg,14,15,0.49987653,0.26616353,Maize leaf blight,Maize leaf spot
C:\Users\haitr\OneDrive\Desktop\DL-Assignment-DNAC1\data\crop-pest-and-disease-detection\Tomato leaf blight\leaf blight69_.jpg,18,20,0.45976695,0.069710284,Tomato leaf blight,Tomato septoria leaf spot
C:\Users\haitr\OneDrive\Desktop\DL-Assignment-DNAC1\data\crop-pest-and-disease-detection\Cashew anthracnose\anthracnose1352_.jpg,0,2,0.43614578,0.118454516,Cashew anthracnose,Cashew healthy
C:\Users\haitr\OneDrive\Desktop\DL-Assignment-DNAC1\data\crop-pest-and-disease-detection\Tomato verticulium wilt\leaf blight927_.jpg,21,20,0.4953959,0.049824577,Tomato verticulium wilt,Tomato septoria leaf spot
C:\Users\haitr\OneDrive\Desktop\DL-Assignment-DNAC1\data\crop-pest-and-disease-detection\Tomato leaf blight\leaf blight783_.jpg,18,20,0.65156066,0.08623292,Tomato leaf blight,Tomato septoria leaf spot
C:\Users\haitr\OneDrive\Desktop\DL-Assignment-DNAC1\data\crop-pest-and-disease-detection\Cassava brown spot\brown spot1152_.jpg,6,5,0.64402944,0.046052407,Cassava brown spot,Cassava bacterial blight
C:\Users\haitr\OneDrive\Desktop\DL-Assignment-DNAC1\data\crop-pest-and-disease-detection\Maize leaf spot\leaf spot830_.jpg,15,14,0.88281995,0.009570493,Maize leaf spot,Maize leaf blight
C:\Users\haitr\OneDrive\Desktop\DL-Assignment-DNAC1\data\crop-pest-and-disease-detection\Cassava bacterial blight\bacterial blight1345_.jpg,5,14,0.25904915,0.19091573,Cassava bacterial blight,Maize leaf blight
C:\Users\haitr\OneDrive\Desktop\DL-Assignment-DNAC1\data\crop-pest-and-disease-detection\Tomato verticulium wilt\verticulium wilt635_.jpg,21,20,0.4903842,0.10888566,Tomato verticulium wilt,Tomato septoria leaf spot
C:\Users\haitr\OneDrive\Desktop\DL-Assignment-DNAC1\data\crop-pest-and-disease-detection\Maize leaf blight\leaf blight22_.jpg,14,15,0.93344885,0.009898579,Maize leaf blight,Maize leaf spot
C:\Users\haitr\OneDrive\Desktop\DL-Assignment-DNAC1\data\crop-pest-and-disease-detection\Tomato septoria leaf spot\septoria leaf spot105_.jpg,20,18,0.9253308,0.008604262,Tomato septoria leaf spot,Tomato leaf blight
C:\Users\haitr\OneDrive\Desktop\DL-Assignment-DNAC1\data\crop-pest-and-disease-detection\Cassava bacterial blight\bacterial blight131_.jpg,5,8,0.8285454,0.03343046,Cassava bacterial blight,Cassava healthy
C:\Users\haitr\OneDrive\Desktop\DL-Assignment-DNAC1\data\crop-pest-and-disease-detection\Cassava brown spot\brown spot686_.jpg,6,5,0.7025942,0.1301596,Cassava brown spot,Cassava bacterial blight
C:\Users\haitr\OneDrive\Desktop\DL-Assignment-DNAC1\data\crop-pest-and-disease-detection\Maize fall armyworm\fall armyworm10_.jpg,10,11,0.38619894,0.24497902,Maize fall armyworm,Maize grasshoper
C:\Users\haitr\OneDrive\Desktop\DL-Assignment-DNAC1\data\crop-pest-and-disease-detection\Tomato leaf curl\leaf curl23_.jpg,19,18,0.52455026,0.25108042,Tomato leaf curl,Tomato leaf blight
C:\Users\haitr\OneDrive\Desktop\DL-Assignment-DNAC1\data\crop-pest-and-disease-detection\Cassava brown spot\brown spot330_.jpg,6,5,0.56349474,0.28798085,Cassava brown spot,Cassava bacterial blight
C:\Users\haitr\OneDrive\Desktop\DL-Assignment-DNAC1\data\crop-pest-and-disease-detection\Tomato verticulium wilt\verticulium wilt56_.jpg,21,20,0.88028306,0.037581105,Tomato verticulium wilt,Tomato septoria leaf spot
C:\Users\haitr\OneDrive\Desktop\DL-Assignment-DNAC1\data\crop-pest-and-disease-detection\Tomato leaf curl\leaf curl10_.jpg,19,0,0.24190173,0.16469756,Tomato leaf curl,Cashew anthracnose
C:\Users\haitr\OneDrive\Desktop\DL-Assignment-DNAC1\data\crop-pest-and-disease-detection\Tomato verticulium wilt\verticulium wilt429_.jpg,21,20,0.64263874,0.21580094,Tomato verticulium wilt,Tomato septoria leaf spot
C:\Users\haitr\OneDrive\Desktop\DL-Assignment-DNAC1\data\crop-pest-and-disease-detection\Cassava brown spot\brown spot659_.jpg,6,5,0.37685668,0.30711907,Cassava brown spot,Cassava bacterial blight
C:\Users\haitr\OneDrive\Desktop\DL-Assignment-DNAC1\data\crop-pest-and-disease-detection\Tomato verticulium wilt\verticulium wilt746_.jpg,21,20,0.8742418,0.020146348,Tomato verticulium wilt,Tomato septoria leaf spot
C:\Users\haitr\OneDrive\Desktop\DL-Assignment-DNAC1\data\crop-pest-and-disease-detection\Tomato septoria leaf spot\septoria leaf spot1664_.jpg,20,18,0.41105208,0.2928705,Tomato septoria leaf spot,Tomato leaf blight
C:\Users\haitr\OneDrive\Desktop\DL-Assignment-DNAC1\data\crop-pest-and-disease-detection\Maize leaf beetle\leaf beetle391_.jpg,13,10,0.82447165,0.005511418,Maize leaf beetle,Maize fall armyworm
C:\Users\haitr\OneDrive\Desktop\DL-Assignment-DNAC1\data\crop-pest-and-disease-detection\Maize fall armyworm\fall armyworm45_.jpg,10,1,0.36563164,0.34285253,Maize fall armyworm,Cashew gumosis
C:\Users\haitr\OneDrive\Desktop\DL-Assignment-DNAC1\data\crop-pest-and-disease-detection\Tomato verticulium wilt\verticulium wilt48_.jpg,21,20,0.70833874,0.0072996877,Tomato verticulium wilt,Tomato septoria leaf spot
C:\Users\haitr\OneDrive\Desktop\DL-Assignment-DNAC1\data\crop-pest-and-disease-detection\Maize leaf spot\leaf spot899_.jpg,15,14,0.6549146,0.22707096,Maize leaf spot,Maize leaf blight
C:\Users\haitr\OneDrive\Desktop\DL-Assignment-DNAC1\data\crop-pest-and-disease-detection\Cashew anthracnose\anthracnose1456_.jpg,0,5,0.73478806,0.016760284,Cashew anthracnose,Cassava bacterial blight
C:\Users\haitr\OneDrive\Desktop\DL-Assignment-DNAC1\data\crop-pest-and-disease-detection\Tomato leaf curl\leaf curl20_.jpg,19,18,0.52573586,0.03346247,Tomato leaf curl,Tomato leaf blight
C:\Users\haitr\OneDrive\Desktop\DL-Assignment-DNAC1\data\crop-pest-and-disease-detection\Cassava bacterial blight\bacterial blight584_.jpg,5,6,0.68123096,0.14703731,Cassava bacterial blight,Cassava brown spot
C:\Users\haitr\OneDrive\Desktop\DL-Assignment-DNAC1\data\crop-pest-and-disease-detection\Maize streak virus\streak virus76_.jpg,16,15,0.7407312,0.087282225,Maize streak virus,Maize leaf spot
C:\Users\haitr\OneDrive\Desktop\DL-Assignment-DNAC1\data\crop-pest-and-disease-detection\Maize leaf spot\leaf spot1214_.jpg,15,2,0.14642046,0.0436617,Maize leaf spot,Cashew healthy
C:\Users\haitr\OneDrive\Desktop\DL-Assignment-DNAC1\data\crop-pest-and-disease-detection\Cashew anthracnose\anthracnose954_.jpg,0,3,0.9084063,0.0047089285,Cashew anthracnose,Cashew leaf miner
C:\Users\haitr\OneDrive\Desktop\DL-Assignment-DNAC1\data\crop-pest-and-disease-detection\Cassava bacterial blight\bacterial blight441_.jpg,5,18,0.3670018,0.31069157,Cassava bacterial blight,Tomato leaf blight
C:\Users\haitr\OneDrive\Desktop\DL-Assignment-DNAC1\data\crop-pest-and-disease-detection\Tomato verticulium wilt\verticulium wilt601_.jpg,21,18,0.753153,0.01059475,Tomato verticulium wilt,Tomato leaf blight
C:\Users\haitr\OneDrive\Desktop\DL-Assignment-DNAC1\data\crop-pest-and-disease-detection\Tomato leaf blight\leaf blight851_.jpg,18,20,0.84690565,0.03214149,Tomato leaf blight,Tomato septoria leaf spot
C:\Users\haitr\OneDrive\Desktop\DL-Assignment-DNAC1\data\crop-pest-and-disease-detection\Cassava green mite\green mite516_.jpg,7,9,0.9209161,0.017043013,Cassava green mite,Cassava mosaic
C:\Users\haitr\OneDrive\Desktop\DL-Assignment-DNAC1\data\crop-pest-and-disease-detection\Tomato septoria leaf spot\septoria leaf spot1091_.jpg,20,18,0.36945644,0.05003246,Tomato septoria leaf spot,Tomato leaf blight
C:\Users\haitr\OneDrive\Desktop\DL-Assignment-DNAC1\data\crop-pest-and-disease-detection\Cashew anthracnose\anthracnose1281_.jpg,0,5,0.6215442,0.07320622,Cashew anthracnose,Cassava bacterial blight
C:\Users\haitr\OneDrive\Desktop\DL-Assignment-DNAC1\data\crop-pest-and-disease-detection\Cassava healthy\healthy145_.jpg,8,2,0.40282026,0.3799727,Cassava healthy,Cashew healthy
C:\Users\haitr\OneDrive\Desktop\DL-Assignment-DNAC1\data\crop-pest-and-disease-detection\Tomato leaf blight\leaf blight715_.jpg,18,21,0.561015,0.29197493,Tomato leaf blight,Tomato verticulium wilt
C:\Users\haitr\OneDrive\Desktop\DL-Assignment-DNAC1\data\crop-pest-and-disease-detection\Maize leaf beetle\leaf beetle448_.jpg,13,11,0.75022507,0.020108514,Maize leaf beetle,Maize grasshoper
C:\Users\haitr\OneDrive\Desktop\DL-Assignment-DNAC1\data\crop-pest-and-disease-detection\Cashew healthy\healthy30_.jpg,2,0,0.8740274,0.00957679,Cashew healthy,Cashew anthracnose
C:\Users\haitr\OneDrive\Desktop\DL-Assignment-DNAC1\data\crop-pest-and-disease-detection\Tomato leaf blight\leaf blight1025_.jpg,18,20,0.9437999,0.004502882,Tomato leaf blight,Tomato septoria leaf spot
C:\Users\haitr\OneDrive\Desktop\DL-Assignment-DNAC1\data\crop-pest-and-disease-detection\Tomato leaf blight\leaf blight1003_.jpg,18,20,0.6840649,0.11306859,Tomato leaf blight,Tomato septoria leaf spot
C:\Users\haitr\OneDrive\Desktop\DL-Assignment-DNAC1\data\crop-pest-and-disease-detection\Tomato septoria leaf spot\septoria leaf spot2094_-J4qG0A.jpg,20,19,0.75178945,0.15154894,Tomato septoria leaf spot,Tomato leaf curl
C:\Users\haitr\OneDrive\Desktop\DL-Assignment-DNAC1\data\crop-pest-and-disease-detection\Maize leaf spot\leaf spot432_.jpg,15,14,0.8044924,0.044957247,Maize leaf spot,Maize leaf blight
C:\Users\haitr\OneDrive\Desktop\DL-Assignment-DNAC1\data\crop-pest-and-disease-detection\Cashew anthracnose\anthracnose1259_.jpg,0,3,0.83349097,0.015179251,Cashew anthracnose,Cashew leaf miner
C:\Users\haitr\OneDrive\Desktop\DL-Assignment-DNAC1\data\crop-pest-and-disease-detection\Maize grasshoper\grasshoper35_.jpg,11,10,0.3484661,0.007188845,Maize grasshoper,Maize fall armyworm
C:\Users\haitr\OneDrive\Desktop\DL-Assignment-DNAC1\data\crop-pest-and-disease-detection\Tomato septoria leaf spot\septoria leaf spot86_.jpg,20,18,0.80355036,0.035921596,Tomato septoria leaf spot,Tomato leaf blight
C:\Users\haitr\OneDrive\Desktop\DL-Assignment-DNAC1\data\crop-pest-and-disease-detection\Cassava bacterial blight\bacterial blight1176_.jpg,5,6,0.63538015,0.061488725,Cassava bacterial blight,Cassava brown spot
C:\Users\haitr\OneDrive\Desktop\DL-Assignment-DNAC1\data\crop-pest-and-disease-detection\Tomato leaf blight\leaf blight452_.jpg,18,21,0.4851958,0.16473761,Tomato leaf blight,Tomato verticulium wilt
C:\Users\haitr\OneDrive\Desktop\DL-Assignment-DNAC1\data\crop-pest-and-disease-detection\Maize leaf spot\leaf spot957_.jpg,15,16,0.83337635,0.022861432,Maize leaf spot,Maize streak virus
C:\Users\haitr\OneDrive\Desktop\DL-Assignment-DNAC1\data\crop-pest-and-disease-detection\Maize leaf spot\leaf spot396_.jpg,15,14,0.77771205,0.14239058,Maize leaf spot,Maize leaf blight
C:\Users\haitr\OneDrive\Desktop\DL-Assignment-DNAC1\data\crop-pest-and-disease-detection\Tomato leaf blight\leaf blight231_.jpg,18,19,0.6773594,0.104200654,Tomato leaf blight,Tomato leaf curl
C:\Users\haitr\OneDrive\Desktop\DL-Assignment-DNAC1\data\crop-pest-and-disease-detection\Tomato leaf blight\leaf blight1051_.jpg,18,20,0.42195588,0.12486528,Tomato leaf blight,Tomato septoria leaf spot
C:\Users\haitr\OneDrive\Desktop\DL-Assignment-DNAC1\data\crop-pest-and-disease-detection\Maize leaf spot\leaf spot377_.jpg,15,16,0.6173788,0.16850369,Maize leaf spot,Maize streak virus
C:\Users\haitr\OneDrive\Desktop\DL-Assignment-DNAC1\data\crop-pest-and-disease-detection\Cashew anthracnose\anthracnose1729_.jpg,0,2,0.21288471,0.15699118,Cashew anthracnose,Cashew healthy
C:\Users\haitr\OneDrive\Desktop\DL-Assignment-DNAC1\data\crop-pest-and-disease-detection\Cassava mosaic\mosaic789_.jpg,9,17,0.5239466,0.2038959,Cassava mosaic,Tomato healthy
C:\Users\haitr\OneDrive\Desktop\DL-Assignment-DNAC1\data\crop-pest-and-disease-detection\Tomato verticulium wilt\verticulium wilt392_.jpg,21,20,0.7671421,0.109858006,Tomato verticulium wilt,Tomato septoria leaf spot
C:\Users\haitr\OneDrive\Desktop\DL-Assignment-DNAC1\data\crop-pest-and-disease-detection\Tomato septoria leaf spot\septoria leaf spot75_.jpg,20,18,0.8782157,0.03453177,Tomato septoria leaf spot,Tomato leaf blight
C:\Users\haitr\OneDrive\Desktop\DL-Assignment-DNAC1\data\crop-pest-and-disease-detection\Tomato septoria leaf spot\septoria leaf spot424_.jpg,20,18,0.46992823,0.107988276,Tomato septoria leaf spot,Tomato leaf blight
C:\Users\haitr\OneDrive\Desktop\DL-Assignment-DNAC1\data\crop-pest-and-disease-detection\Cassava bacterial blight\bacterial blight1368_.jpg,5,6,0.688022,0.09931051,Cassava bacterial blight,Cassava brown spot
C:\Users\haitr\OneDrive\Desktop\DL-Assignment-DNAC1\data\crop-pest-and-disease-detection\Cashew anthracnose\anthracnose1300_.jpg,0,4,0.6707205,0.07633328,Cashew anthracnose,Cashew red rust
C:\Users\haitr\OneDrive\Desktop\DL-Assignment-DNAC1\data\crop-pest-and-disease-detection\Tomato leaf blight\leaf blight735_.jpg,18,20,0.6181411,0.02044652,Tomato leaf blight,Tomato septoria leaf spot
C:\Users\haitr\OneDrive\Desktop\DL-Assignment-DNAC1\data\crop-pest-and-disease-detection\Maize leaf blight\leaf blight587_.jpg,14,15,0.69848406,0.19326611,Maize leaf blight,Maize leaf spot
C:\Users\haitr\OneDrive\Desktop\DL-Assignment-DNAC1\data\crop-pest-and-disease-detection\Maize leaf blight\leaf blight904_.jpg,14,15,0.8860469,0.014974823,Maize leaf blight,Maize leaf spot
C:\Users\haitr\OneDrive\Desktop\DL-Assignment-DNAC1\data\crop-pest-and-disease-detection\Tomato leaf blight\leaf blight1043_.jpg,18,21,0.5597734,0.25256318,Tomato leaf blight,Tomato verticulium wilt
C:\Users\haitr\OneDrive\Desktop\DL-Assignment-DNAC1\data\crop-pest-and-disease-detection\Tomato leaf blight\leaf blight458_.jpg,18,21,0.55907476,0.15113804,Tomato leaf blight,Tomato verticulium wilt
C:\Users\haitr\OneDrive\Desktop\DL-Assignment-DNAC1\data\crop-pest-and-disease-detection\Tomato septoria leaf spot\septoria leaf spot90_.jpg,20,18,0.8214559,0.010063185,Tomato septoria leaf spot,Tomato leaf blight
C:\Users\haitr\OneDrive\Desktop\DL-Assignment-DNAC1\data\crop-pest-and-disease-detection\Maize leaf spot\leaf spot801_.jpg,15,14,0.7951162,0.120394565,Maize leaf spot,Maize leaf blight
C:\Users\haitr\OneDrive\Desktop\DL-Assignment-DNAC1\data\crop-pest-and-disease-detection\Cashew anthracnose\anthracnose1373_.jpg,0,2,0.5951126,0.21229535,Cashew anthracnose,Cashew healthy
C:\Users\haitr\OneDrive\Desktop\DL-Assignment-DNAC1\data\crop-pest-and-disease-detection\Maize grasshoper\grasshoper34_.jpg,11,10,0.46005353,0.061873328,Maize grasshoper,Maize fall armyworm
C:\Users\haitr\OneDrive\Desktop\DL-Assignment-DNAC1\data\crop-pest-and-disease-detection\Maize streak virus\streak virus568_.jpg,16,14,0.9335112,0.0042034048,Maize streak virus,Maize leaf blight
C:\Users\haitr\OneDrive\Desktop\DL-Assignment-DNAC1\data\crop-pest-and-disease-detection\Tomato verticulium wilt\verticulium wilt655_.jpg,21,20,0.48317578,0.40394455,Tomato verticulium wilt,Tomato septoria leaf spot
C:\Users\haitr\OneDrive\Desktop\DL-Assignment-DNAC1\data\crop-pest-and-disease-detection\Maize grasshoper\grasshoper604_.jpg,11,2,0.3790734,0.25746477,Maize grasshoper,Cashew healthy
C:\Users\haitr\OneDrive\Desktop\DL-Assignment-DNAC1\data\crop-pest-and-disease-detection\Cassava green mite\green mite583_.jpg,7,8,0.5461815,0.21123451,Cassava green mite,Cassava healthy
C:\Users\haitr\OneDrive\Desktop\DL-Assignment-DNAC1\data\crop-pest-and-disease-detection\Tomato leaf blight\leaf blight944_.jpg,18,20,0.88739437,0.021093983,Tomato leaf blight,Tomato septoria leaf spot
C:\Users\haitr\OneDrive\Desktop\DL-Assignment-DNAC1\data\crop-pest-and-disease-detection\Tomato leaf curl\leaf curl348_.jpg,19,20,0.45613217,0.33177304,Tomato leaf curl,Tomato septoria leaf spot
C:\Users\haitr\OneDrive\Desktop\DL-Assignment-DNAC1\data\crop-pest-and-disease-detection\Tomato septoria leaf spot\septoria leaf spot265_.jpg,20,18,0.78004634,0.11284311,Tomato septoria leaf spot,Tomato leaf blight
C:\Users\haitr\OneDrive\Desktop\DL-Assignment-DNAC1\data\crop-pest-and-disease-detection\Tomato septoria leaf spot\septoria leaf spot51_.jpg,20,18,0.41489387,0.12666866,Tomato septoria leaf spot,Tomato leaf blight
C:\Users\haitr\OneDrive\Desktop\DL-Assignment-DNAC1\data\crop-pest-and-disease-detection\Tomato verticulium wilt\verticulium wilt313_.jpg,21,18,0.29448122,0.16946356,Tomato verticulium wilt,Tomato leaf blight
C:\Users\haitr\OneDrive\Desktop\DL-Assignment-DNAC1\data\crop-pest-and-disease-detection\Tomato septoria leaf spot\septoria leaf spot27_.jpg,20,6,0.15281889,0.12015575,Tomato septoria leaf spot,Cassava brown spot
C:\Users\haitr\OneDrive\Desktop\DL-Assignment-DNAC1\data\crop-pest-and-disease-detection\Tomato leaf blight\leaf blight486_.jpg,18,20,0.86165553,0.025027644,Tomato leaf blight,Tomato septoria leaf spot
C:\Users\haitr\OneDrive\Desktop\DL-Assignment-DNAC1\data\crop-pest-and-disease-detection\Tomato healthy\healthy2_.jpg,17,2,0.3991181,0.0665613,Tomato healthy,Cashew healthy
C:\Users\haitr\OneDrive\Desktop\DL-Assignment-DNAC1\data\crop-pest-and-disease-detection\Tomato septoria leaf spot\septoria leaf spot879_.jpg,20,21,0.86214554,0.05830479,Tomato septoria leaf spot,Tomato verticulium wilt
C:\Users\haitr\OneDrive\Desktop\DL-Assignment-DNAC1\data\crop-pest-and-disease-detection\Maize leaf beetle\leaf beetle872_.jpg,13,12,0.8996263,0.0051119784,Maize leaf beetle,Maize healthy
C:\Users\haitr\OneDrive\Desktop\DL-Assignment-DNAC1\data\crop-pest-and-disease-detection\Maize leaf spot\leaf spot1051_.jpg,15,12,0.554466,0.14134005,Maize leaf spot,Maize healthy
C:\Users\haitr\OneDrive\Desktop\DL-Assignment-DNAC1\data\crop-pest-and-disease-detection\Maize leaf spot\leaf spot582_.jpg,15,14,0.9120972,0.0128418,Maize leaf spot,Maize leaf blight
C:\Users\haitr\OneDrive\Desktop\DL-Assignment-DNAC1\data\crop-pest-and-disease-detection\Tomato septoria leaf spot\septoria leaf spot307_.jpg,20,18,0.9231569,0.017101228,Tomato septoria leaf spot,Tomato leaf blight
C:\Users\haitr\OneDrive\Desktop\DL-Assignment-DNAC1\data\crop-pest-and-disease-detection\Tomato leaf blight\leaf blight1291_.jpg,18,20,0.8626928,0.035094358,Tomato leaf blight,Tomato septoria leaf spot
C:\Users\haitr\OneDrive\Desktop\DL-Assignment-DNAC1\data\crop-pest-and-disease-detection\Maize streak virus\streak virus931_.jpg,16,14,0.31301442,0.1024929,Maize streak virus,Maize leaf blight
C:\Users\haitr\OneDrive\Desktop\DL-Assignment-DNAC1\data\crop-pest-and-disease-detection\Maize leaf blight\leaf blight884_.jpg,14,15,0.88109386,0.039984647,Maize leaf blight,Maize leaf spot
C:\Users\haitr\OneDrive\Desktop\DL-Assignment-DNAC1\data\crop-pest-and-disease-detection\Tomato verticulium wilt\leaf blight925_.jpg,21,20,0.74725616,0.10392359,Tomato verticulium wilt,Tomato septoria leaf spot
C:\Users\haitr\OneDrive\Desktop\DL-Assignment-DNAC1\data\crop-pest-and-disease-detection\Tomato septoria leaf spot\septoria leaf spot2032_-HjDoVZ.jpg,20,18,0.78331923,0.1072004,Tomato septoria leaf spot,Tomato leaf blight
C:\Users\haitr\OneDrive\Desktop\DL-Assignment-DNAC1\data\crop-pest-and-disease-detection\Tomato verticulium wilt\verticulium wilt51_.jpg,21,20,0.4520507,0.107540235,Tomato verticulium wilt,Tomato septoria leaf spot
C:\Users\haitr\OneDrive\Desktop\DL-Assignment-DNAC1\data\crop-pest-and-disease-detection\Cassava bacterial blight\bacterial blight227_.jpg,5,6,0.9017668,0.006208509,Cassava bacterial blight,Cassava brown spot
C:\Users\haitr\OneDrive\Desktop\DL-Assignment-DNAC1\data\crop-pest-and-disease-detection\Maize leaf blight\leaf blight313_.jpg,14,15,0.2486219,0.12533206,Maize leaf blight,Maize leaf spot
C:\Users\haitr\OneDrive\Desktop\DL-Assignment-DNAC1\data\crop-pest-and-disease-detection\Tomato leaf curl\leaf curl221_.jpg,19,5,0.5235075,0.023731327,Tomato leaf curl,Cassava bacterial blight
C:\Users\haitr\OneDrive\Desktop\DL-Assignment-DNAC1\data\crop-pest-and-disease-detection\Tomato verticulium wilt\verticulium wilt751_.jpg,21,20,0.76503,0.0042605093,Tomato verticulium wilt,Tomato septoria leaf spot
C:\Users\haitr\OneDrive\Desktop\DL-Assignment-DNAC1\data\crop-pest-and-disease-detection\Maize leaf spot\leaf spot921_.jpg,15,14,0.6628945,0.124969065,Maize leaf spot,Maize leaf blight
C:\Users\haitr\OneDrive\Desktop\DL-Assignment-DNAC1\data\crop-pest-and-disease-detection\Cassava healthy\healthy151_.jpg,8,2,0.6966051,0.09285888,Cassava healthy,Cashew healthy
C:\Users\haitr\OneDrive\Desktop\DL-Assignment-DNAC1\data\crop-pest-and-disease-detection\Tomato leaf curl\leaf curl472_.jpg,19,20,0.9115593,0.013939243,Tomato leaf curl,Tomato septoria leaf spot
C:\Users\haitr\OneDrive\Desktop\DL-Assignment-DNAC1\data\crop-pest-and-disease-detection\Tomato leaf curl\leaf curl488_.jpg,19,20,0.9441219,0.001196903,Tomato leaf curl,Tomato septoria leaf spot
C:\Users\haitr\OneDrive\Desktop\DL-Assignment-DNAC1\data\crop-pest-and-disease-detection\Maize grasshoper\grasshoper340_.jpg,11,10,0.43425015,0.1750654,Maize grasshoper,Maize fall armyworm
C:\Users\haitr\OneDrive\Desktop\DL-Assignment-DNAC1\data\crop-pest-and-disease-detection\Cassava green mite\green mite48_.jpg,7,5,0.70443404,0.044856012,Cassava green mite,Cassava bacterial blight
C:\Users\haitr\OneDrive\Desktop\DL-Assignment-DNAC1\data\crop-pest-and-disease-detection\Cassava bacterial blight\bacterial blight566_.jpg,5,8,0.6481357,0.075127505,Cassava bacterial blight,Cassava healthy
C:\Users\haitr\OneDrive\Desktop\DL-Assignment-DNAC1\data\crop-pest-and-disease-detection\Tomato verticulium wilt\verticulium wilt255_.jpg,21,20,0.8485476,0.00711751,Tomato verticulium wilt,Tomato septoria leaf spot
C:\Users\haitr\OneDrive\Desktop\DL-Assignment-DNAC1\data\crop-pest-and-disease-detection\Cassava mosaic\mosaic1057_.jpg,9,7,0.5611302,0.2560439,Cassava mosaic,Cassava green mite
C:\Users\haitr\OneDrive\Desktop\DL-Assignment-DNAC1\data\crop-pest-and-disease-detection\Maize leaf spot\leaf spot77_.jpg,15,14,0.70773476,0.14994702,Maize leaf spot,Maize leaf blight
C:\Users\haitr\OneDrive\Desktop\DL-Assignment-DNAC1\data\crop-pest-and-disease-detection\Tomato verticulium wilt\verticulium wilt301_.jpg,21,18,0.5806149,0.13563165,Tomato verticulium wilt,Tomato leaf blight
C:\Users\haitr\OneDrive\Desktop\DL-Assignment-DNAC1\data\crop-pest-and-disease-detection\Tomato leaf curl\leaf curl48_.jpg,19,18,0.8515201,0.01671426,Tomato leaf curl,Tomato leaf blight
C:\Users\haitr\OneDrive\Desktop\DL-Assignment-DNAC1\data\crop-pest-and-disease-detection\Maize streak virus\streak virus573_.jpg,16,14,0.91219765,0.01743062,Maize streak virus,Maize leaf blight
C:\Users\haitr\OneDrive\Desktop\DL-Assignment-DNAC1\data\crop-pest-and-disease-detection\Cashew anthracnose\anthracnose1334_.jpg,0,5,0.24534142,0.10828251,Cashew anthracnose,Cassava bacterial blight
C:\Users\haitr\OneDrive\Desktop\DL-Assignment-DNAC1\data\crop-pest-and-disease-detection\Cassava healthy\healthy945_.jpg,8,7,0.84754807,0.031188132,Cassava healthy,Cassava green mite
C:\Users\haitr\OneDrive\Desktop\DL-Assignment-DNAC1\data\crop-pest-and-disease-detection\Cassava brown spot\brown spot1481_.jpg,6,5,0.5556679,0.22796564,Cassava brown spot,Cassava bacterial blight
C:\Users\haitr\OneDrive\Desktop\DL-Assignment-DNAC1\data\crop-pest-and-disease-detection\Tomato septoria leaf spot\septoria leaf spot878_.jpg,20,21,0.9058832,0.041519064,Tomato septoria leaf spot,Tomato verticulium wilt
C:\Users\haitr\OneDrive\Desktop\DL-Assignment-DNAC1\data\crop-pest-and-disease-detection\Cassava brown spot\brown spot1310_.jpg,6,5,0.3539178,0.17359886,Cassava brown spot,Cassava bacterial blight
C:\Users\haitr\OneDrive\Desktop\DL-Assignment-DNAC1\data\crop-pest-and-disease-detection\Tomato leaf blight\leaf blight993_.jpg,18,20,0.9034187,0.023812737,Tomato leaf blight,Tomato septoria leaf spot
C:\Users\haitr\OneDrive\Desktop\DL-Assignment-DNAC1\data\crop-pest-and-disease-detection\Cashew anthracnose\anthracnose1214_.jpg,0,13,0.33467075,0.05714696,Cashew anthracnose,Maize leaf beetle
C:\Users\haitr\OneDrive\Desktop\DL-Assignment-DNAC1\data\crop-pest-and-disease-detection\Tomato verticulium wilt\verticulium wilt480_.jpg,21,20,0.7746909,0.11077856,Tomato verticulium wilt,Tomato septoria leaf spot
C:\Users\haitr\OneDrive\Desktop\DL-Assignment-DNAC1\data\crop-pest-and-disease-detection\Tomato leaf curl\leaf curl514_.jpg,19,21,0.8805761,0.024773005,Tomato leaf curl,Tomato verticulium wilt
C:\Users\haitr\OneDrive\Desktop\DL-Assignment-DNAC1\data\crop-pest-and-disease-detection\Maize leaf blight\leaf blight568_.jpg,14,15,0.58326584,0.2989978,Maize leaf blight,Maize leaf spot
C:\Users\haitr\OneDrive\Desktop\DL-Assignment-DNAC1\data\crop-pest-and-disease-detection\Cassava brown spot\brown spot472_.jpg,6,5,0.90983313,0.016202591,Cassava brown spot,Cassava bacterial blight
C:\Users\haitr\OneDrive\Desktop\DL-Assignment-DNAC1\data\crop-pest-and-disease-detection\Maize leaf blight\leaf blight582_.jpg,14,15,0.80936295,0.10340173,Maize leaf blight,Maize leaf spot
C:\Users\haitr\OneDrive\Desktop\DL-Assignment-DNAC1\data\crop-pest-and-disease-detection\Tomato leaf blight\leaf blight1281_.jpg,18,21,0.46366456,0.15162545,Tomato leaf blight,Tomato verticulium wilt
C:\Users\haitr\OneDrive\Desktop\DL-Assignment-DNAC1\data\crop-pest-and-disease-detection\Cassava green mite\green mite784_.jpg,7,8,0.2663493,0.1562234,Cassava green mite,Cassava healthy
C:\Users\haitr\OneDrive\Desktop\DL-Assignment-DNAC1\data\crop-pest-and-disease-detection\Cassava mosaic\mosaic458_.jpg,9,7,0.71400785,0.011010998,Cassava mosaic,Cassava green mite
C:\Users\haitr\OneDrive\Desktop\DL-Assignment-DNAC1\data\crop-pest-and-disease-detection\Maize streak virus\streak virus599_.jpg,16,15,0.86181605,0.040104568,Maize streak virus,Maize leaf spot
C:\Users\haitr\OneDrive\Desktop\DL-Assignment-DNAC1\data\crop-pest-and-disease-detection\Maize leaf blight\leaf blight41_.jpg,14,15,0.880253,0.026436392,Maize leaf blight,Maize leaf spot
C:\Users\haitr\OneDrive\Desktop\DL-Assignment-DNAC1\data\crop-pest-and-disease-detection\Cassava bacterial blight\bacterial blight126_.jpg,5,8,0.29463127,0.21744327,Cassava bacterial blight,Cassava healthy
C:\Users\haitr\OneDrive\Desktop\DL-Assignment-DNAC1\data\crop-pest-and-disease-detection\Tomato leaf blight\leaf blight882_.jpg,18,20,0.923854,0.015009321,Tomato leaf blight,Tomato septoria leaf spot
C:\Users\haitr\OneDrive\Desktop\DL-Assignment-DNAC1\data\crop-pest-and-disease-detection\Tomato leaf blight\leaf blight478_.jpg,18,20,0.39142215,0.3527703,Tomato leaf blight,Tomato septoria leaf spot
C:\Users\haitr\OneDrive\Desktop\DL-Assignment-DNAC1\data\crop-pest-and-disease-detection\Maize healthy\healthy3_.jpg,12,15,0.8948277,0.01628876,Maize healthy,Maize leaf spot
C:\Users\haitr\OneDrive\Desktop\DL-Assignment-DNAC1\data\crop-pest-and-disease-detection\Cashew anthracnose\anthracnose835_.jpg,0,3,0.91277075,0.0024073361,Cashew anthracnose,Cashew leaf miner
C:\Users\haitr\OneDrive\Desktop\DL-Assignment-DNAC1\data\crop-pest-and-disease-detection\Tomato leaf curl\leaf curl142_.jpg,19,20,0.93977267,0.0048470595,Tomato leaf curl,Tomato septoria leaf spot
C:\Users\haitr\OneDrive\Desktop\DL-Assignment-DNAC1\data\crop-pest-and-disease-detection\Tomato leaf blight\leaf blight1054_.jpg,18,20,0.9317222,0.0038552128,Tomato leaf blight,Tomato septoria leaf spot
C:\Users\haitr\OneDrive\Desktop\DL-Assignment-DNAC1\data\crop-pest-and-disease-detection\Cassava bacterial blight\bacterial blight759_.jpg,5,8,0.5886655,0.100213185,Cassava bacterial blight,Cassava healthy
C:\Users\haitr\OneDrive\Desktop\DL-Assignment-DNAC1\data\crop-pest-and-disease-detection\Maize grasshoper\grasshoper33_.jpg,11,10,0.3978455,0.061297413,Maize grasshoper,Maize fall armyworm
C:\Users\haitr\OneDrive\Desktop\DL-Assignment-DNAC1\data\crop-pest-and-disease-detection\Cassava brown spot\brown spot1244_.jpg,6,5,0.7050496,0.094250284,Cassava brown spot,Cassava bacterial blight
C:\Users\haitr\OneDrive\Desktop\DL-Assignment-DNAC1\data\crop-pest-and-disease-detection\Tomato leaf blight\leaf blight386_.jpg,18,19,0.5134878,0.05323058,Tomato leaf blight,Tomato leaf curl
C:\Users\haitr\OneDrive\Desktop\DL-Assignment-DNAC1\data\crop-pest-and-disease-detection\Cashew red rust\red rust356_.jpg,4,3,0.9165785,0.004716007,Cashew red rust,Cashew leaf miner
C:\Users\haitr\OneDrive\Desktop\DL-Assignment-DNAC1\data\crop-pest-and-disease-detection\Tomato leaf blight\leaf blight1279_.jpg,18,20,0.9226439,0.020599615,Tomato leaf blight,Tomato septoria leaf spot
C:\Users\haitr\OneDrive\Desktop\DL-Assignment-DNAC1\data\crop-pest-and-disease-detection\Cashew anthracnose\anthracnose6_.jpg,0,3,0.91739887,0.0032572462,Cashew anthracnose,Cashew leaf miner
C:\Users\haitr\OneDrive\Desktop\DL-Assignment-DNAC1\data\crop-pest-and-disease-detection\Tomato verticulium wilt\verticulium wilt68_.jpg,21,20,0.6944813,0.14273869,Tomato verticulium wilt,Tomato septoria leaf spot
C:\Users\haitr\OneDrive\Desktop\DL-Assignment-DNAC1\data\crop-pest-and-disease-detection\Tomato leaf blight\leaf blight759_.jpg,18,20,0.9325582,0.006382275,Tomato leaf blight,Tomato septoria leaf spot
C:\Users\haitr\OneDrive\Desktop\DL-Assignment-DNAC1\data\crop-pest-and-disease-detection\Tomato leaf curl\leaf curl287_.jpg,19,20,0.6764268,0.008567921,Tomato leaf curl,Tomato septoria leaf spot
C:\Users\haitr\OneDrive\Desktop\DL-Assignment-DNAC1\data\crop-pest-and-disease-detection\Maize leaf spot\leaf spot886_.jpg,15,14,0.8934643,0.01198819,Maize leaf spot,Maize leaf blight
C:\Users\haitr\OneDrive\Desktop\DL-Assignment-DNAC1\data\crop-pest-and-disease-detection\Cassava green mite\green mite584_.jpg,7,8,0.6960432,0.15304662,Cassava green mite,Cassava healthy
C:\Users\haitr\OneDrive\Desktop\DL-Assignment-DNAC1\data\crop-pest-and-disease-detection\Tomato leaf blight\leaf blight897_.jpg,18,20,0.9464138,0.0021089693,Tomato leaf blight,Tomato septoria leaf spot
C:\Users\haitr\OneDrive\Desktop\DL-Assignment-DNAC1\data\crop-pest-and-disease-detection\Maize leaf spot\leaf spot302_.jpg,15,14,0.5865649,0.2378137,Maize leaf spot,Maize leaf blight
C:\Users\haitr\OneDrive\Desktop\DL-Assignment-DNAC1\data\crop-pest-and-disease-detection\Cashew anthracnose\anthracnose14_.jpg,0,10,0.20632735,0.1240673,Cashew anthracnose,Maize fall armyworm
C:\Users\haitr\OneDrive\Desktop\DL-Assignment-DNAC1\data\crop-pest-and-disease-detection\Cashew anthracnose\anthracnose469_.jpg,0,2,0.3107333,0.123880506,Cashew anthracnose,Cashew healthy
C:\Users\haitr\OneDrive\Desktop\DL-Assignment-DNAC1\data\crop-pest-and-disease-detection\Tomato leaf blight\leaf blight818_.jpg,18,21,0.8314206,0.017449295,Tomato leaf blight,Tomato verticulium wilt
C:\Users\haitr\OneDrive\Desktop\DL-Assignment-DNAC1\data\crop-pest-and-disease-detection\Tomato verticulium wilt\verticulium wilt740_.jpg,21,20,0.6079215,0.026883766,Tomato verticulium wilt,Tomato septoria leaf spot
C:\Users\haitr\OneDrive\Desktop\DL-Assignment-DNAC1\data\crop-pest-and-disease-detection\Cassava bacterial blight\bacterial blight81_.jpg,5,6,0.70939445,0.12463254,Cassava bacterial blight,Cassava brown spot
C:\Users\haitr\OneDrive\Desktop\DL-Assignment-DNAC1\data\crop-pest-and-disease-detection\Tomato leaf curl\leaf curl208_.jpg,19,18,0.2881112,0.06612872,Tomato leaf curl,Tomato leaf blight
C:\Users\haitr\OneDrive\Desktop\DL-Assignment-DNAC1\data\crop-pest-and-disease-detection\Tomato verticulium wilt\verticulium wilt620_.jpg,21,20,0.8544617,0.045564964,Tomato verticulium wilt,Tomato septoria leaf spot
C:\Users\haitr\OneDrive\Desktop\DL-Assignment-DNAC1\data\crop-pest-and-disease-detection\Tomato septoria leaf spot\septoria leaf spot1542_.jpg,20,19,0.541211,0.3319196,Tomato septoria leaf spot,Tomato leaf curl
C:\Users\haitr\OneDrive\Desktop\DL-Assignment-DNAC1\data\crop-pest-and-disease-detection\Tomato verticulium wilt\verticulium wilt66_.jpg,21,20,0.3460559,0.24823256,Tomato verticulium wilt,Tomato septoria leaf spot
C:\Users\haitr\OneDrive\Desktop\DL-Assignment-DNAC1\data\crop-pest-and-disease-detection\Cassava green mite\green mite125_.jpg,7,6,0.66147524,0.08905135,Cassava green mite,Cassava brown spot
C:\Users\haitr\OneDrive\Desktop\DL-Assignment-DNAC1\data\crop-pest-and-disease-detection\Cashew leaf miner\leaf miner1098_.jpg,3,0,0.91639435,0.007051993,Cashew leaf miner,Cashew anthracnose
C:\Users\haitr\OneDrive\Desktop\DL-Assignment-DNAC1\data\crop-pest-and-disease-detection\Tomato healthy\healthy25_.jpg,17,6,0.31125596,0.30280954,Tomato healthy,Cassava brown spot
C:\Users\haitr\OneDrive\Desktop\DL-Assignment-DNAC1\data\crop-pest-and-disease-detection\Tomato leaf curl\leaf curl196_.jpg,19,20,0.36308298,0.07046969,Tomato leaf curl,Tomato septoria leaf spot
C:\Users\haitr\OneDrive\Desktop\DL-Assignment-DNAC1\data\crop-pest-and-disease-detection\Tomato leaf curl\leaf curl251_.jpg,19,20,0.6582034,0.029624393,Tomato leaf curl,Tomato septoria leaf spot
C:\Users\haitr\OneDrive\Desktop\DL-Assignment-DNAC1\data\crop-pest-and-disease-detection\Tomato verticulium wilt\verticulium wilt46_.jpg,21,18,0.8292315,0.007584051,Tomato verticulium wilt,Tomato leaf blight
C:\Users\haitr\OneDrive\Desktop\DL-Assignment-DNAC1\data\crop-pest-and-disease-detection\Cassava brown spot\brown spot903_.jpg,6,5,0.5086559,0.19296102,Cassava brown spot,Cassava bacterial blight
C:\Users\haitr\OneDrive\Desktop\DL-Assignment-DNAC1\data\crop-pest-and-disease-detection\Tomato leaf blight\leaf blight618_.jpg,18,21,0.5468104,0.30562696,Tomato leaf blight,Tomato verticulium wilt
C:\Users\haitr\OneDrive\Desktop\DL-Assignment-DNAC1\data\crop-pest-and-disease-detection\Tomato leaf blight\leaf blight124_.jpg,18,20,0.6090412,0.25634447,Tomato leaf blight,Tomato septoria leaf spot
C:\Users\haitr\OneDrive\Desktop\DL-Assignment-DNAC1\data\crop-pest-and-disease-detection\Maize grasshoper\grasshoper285_.jpg,11,13,0.40439484,0.19879095,Maize grasshoper,Maize leaf beetle
C:\Users\haitr\OneDrive\Desktop\DL-Assignment-DNAC1\data\crop-pest-and-disease-detection\Tomato leaf curl\leaf curl465_.jpg,19,20,0.9413356,0.0043307757,Tomato leaf curl,Tomato septoria leaf spot
C:\Users\haitr\OneDrive\Desktop\DL-Assignment-DNAC1\data\crop-pest-and-disease-detection\Maize leaf spot\leaf spot231_.jpg,15,20,0.44627187,0.1626417,Maize leaf spot,Tomato septoria leaf spot
C:\Users\haitr\OneDrive\Desktop\DL-Assignment-DNAC1\data\crop-pest-and-disease-detection\Tomato verticulium wilt\verticulium wilt60_.jpg,21,20,0.93611926,0.009554978,Tomato verticulium wilt,Tomato septoria leaf spot
C:\Users\haitr\OneDrive\Desktop\DL-Assignment-DNAC1\data\crop-pest-and-disease-detection\Cassava bacterial blight\bacterial blight1248_.jpg,5,6,0.8431362,0.03443427,Cassava bacterial blight,Cassava brown spot
C:\Users\haitr\OneDrive\Desktop\DL-Assignment-DNAC1\data\crop-pest-and-disease-detection\Maize leaf blight\leaf blight597_.jpg,14,15,0.80031073,0.10182142,Maize leaf blight,Maize leaf spot
C:\Users\haitr\OneDrive\Desktop\DL-Assignment-DNAC1\data\crop-pest-and-disease-detection\Maize leaf spot\leaf spot368_.jpg,15,14,0.56986135,0.19296145,Maize leaf spot,Maize leaf blight
C:\Users\haitr\OneDrive\Desktop\DL-Assignment-DNAC1\data\crop-pest-and-disease-detection\Tomato leaf blight\leaf blight746_.jpg,18,20,0.95742726,0.0016649447,Tomato leaf blight,Tomato septoria leaf spot
C:\Users\haitr\OneDrive\Desktop\DL-Assignment-DNAC1\data\crop-pest-and-disease-detection\Tomato verticulium wilt\verticulium wilt526_.jpg,21,18,0.6996084,0.15127517,Tomato verticulium wilt,Tomato leaf blight
C:\Users\haitr\OneDrive\Desktop\DL-Assignment-DNAC1\data\crop-pest-and-disease-detection\Maize leaf beetle\leaf beetle400_.jpg,13,15,0.6594016,0.0148329,Maize leaf beetle,Maize leaf spot
C:\Users\haitr\OneDrive\Desktop\DL-Assignment-DNAC1\data\crop-pest-and-disease-detection\Tomato leaf blight\leaf blight406_.jpg,18,20,0.90584093,0.027742889,Tomato leaf blight,Tomato septoria leaf spot
C:\Users\haitr\OneDrive\Desktop\DL-Assignment-DNAC1\data\crop-pest-and-disease-detection\Tomato verticulium wilt\verticulium wilt377_.jpg,21,20,0.8390635,0.02328915,Tomato verticulium wilt,Tomato septoria leaf spot
C:\Users\haitr\OneDrive\Desktop\DL-Assignment-DNAC1\data\crop-pest-and-disease-detection\Maize leaf beetle\leaf beetle392_.jpg,13,10,0.87295204,0.022524776,Maize leaf beetle,Maize fall armyworm
C:\Users\haitr\OneDrive\Desktop\DL-Assignment-DNAC1\data\crop-pest-and-disease-detection\Tomato verticulium wilt\verticulium wilt249_.jpg,21,20,0.960263,0.004772058,Tomato verticulium wilt,Tomato septoria leaf spot
C:\Users\haitr\OneDrive\Desktop\DL-Assignment-DNAC1\data\crop-pest-and-disease-detection\Tomato septoria leaf spot\septoria leaf spot182_.jpg,20,18,0.70711076,0.030404942,Tomato septoria leaf spot,Tomato leaf blight
C:\Users\haitr\OneDrive\Desktop\DL-Assignment-DNAC1\data\crop-pest-and-disease-detection\Maize leaf spot\leaf spot1226_.jpg,15,12,0.42280728,0.04788273,Maize leaf spot,Maize healthy
C:\Users\haitr\OneDrive\Desktop\DL-Assignment-DNAC1\data\crop-pest-and-disease-detection\Tomato leaf blight\leaf blight977_.jpg,18,20,0.927555,0.0037708709,Tomato leaf blight,Tomato septoria leaf spot
C:\Users\haitr\OneDrive\Desktop\DL-Assignment-DNAC1\data\crop-pest-and-disease-detection\Tomato verticulium wilt\verticulium wilt535_.jpg,21,18,0.57355773,0.29260236,Tomato verticulium wilt,Tomato leaf blight
C:\Users\haitr\OneDrive\Desktop\DL-Assignment-DNAC1\data\crop-pest-and-disease-detection\Tomato verticulium wilt\leaf blight928_.jpg,21,20,0.89412546,0.013795113,Tomato verticulium wilt,Tomato septoria leaf spot
C:\Users\haitr\OneDrive\Desktop\DL-Assignment-DNAC1\data\crop-pest-and-disease-detection\Tomato septoria leaf spot\septoria leaf spot1285_.jpg,20,17,0.92231846,0.013106762,Tomato septoria leaf spot,Tomato healthy
C:\Users\haitr\OneDrive\Desktop\DL-Assignment-DNAC1\data\crop-pest-and-disease-detection\Cassava brown spot\brown spot968_.jpg,6,5,0.4705745,0.29813734,Cassava brown spot,Cassava bacterial blight
C:\Users\haitr\OneDrive\Desktop\DL-Assignment-DNAC1\data\crop-pest-and-disease-detection\Tomato leaf blight\leaf blight428_.jpg,18,20,0.55692106,0.3016324,Tomato leaf blight,Tomato septoria leaf spot
C:\Users\haitr\OneDrive\Desktop\DL-Assignment-DNAC1\data\crop-pest-and-disease-detection\Cassava brown spot\brown spot584_.jpg,6,18,0.40650856,0.10763496,Cassava brown spot,Tomato leaf blight
C:\Users\haitr\OneDrive\Desktop\DL-Assignment-DNAC1\data\crop-pest-and-disease-detection\Tomato leaf blight\leaf blight339_.jpg,18,2,0.25402513,0.12644047,Tomato leaf blight,Cashew healthy
C:\Users\haitr\OneDrive\Desktop\DL-Assignment-DNAC1\data\crop-pest-and-disease-detection\Cashew anthracnose\anthracnose1286_.jpg,0,6,0.3145025,0.08595148,Cashew anthracnose,Cassava brown spot
C:\Users\haitr\OneDrive\Desktop\DL-Assignment-DNAC1\data\crop-pest-and-disease-detection\Cashew anthracnose\anthracnose1709_.jpg,0,2,0.7892718,0.024351198,Cashew anthracnose,Cashew healthy
C:\Users\haitr\OneDrive\Desktop\DL-Assignment-DNAC1\data\crop-pest-and-disease-detection\Maize leaf spot\leaf spot915_.jpg,15,14,0.80436546,0.018311286,Maize leaf spot,Maize leaf blight
C:\Users\haitr\OneDrive\Desktop\DL-Assignment-DNAC1\data\crop-pest-and-disease-detection\Tomato healthy\healthy482_.jpg,17,19,0.25894764,0.07635527,Tomato healthy,Tomato leaf curl
C:\Users\haitr\OneDrive\Desktop\DL-Assignment-DNAC1\data\crop-pest-and-disease-detection\Cashew leaf miner\leaf miner339_.jpg,3,0,0.5273862,0.29161817,Cashew leaf miner,Cashew anthracnose
C:\Users\haitr\OneDrive\Desktop\DL-Assignment-DNAC1\data\crop-pest-and-disease-detection\Tomato septoria leaf spot\septoria leaf spot343_.jpg,20,21,0.5324448,0.29669374,Tomato septoria leaf spot,Tomato verticulium wilt
C:\Users\haitr\OneDrive\Desktop\DL-Assignment-DNAC1\data\crop-pest-and-disease-detection\Tomato verticulium wilt\verticulium wilt473_.jpg,21,20,0.7112211,0.16068149,Tomato verticulium wilt,Tomato septoria leaf spot
C:\Users\haitr\OneDrive\Desktop\DL-Assignment-DNAC1\data\crop-pest-and-disease-detection\Cashew anthracnose\anthracnose1271_.jpg,0,2,0.3839032,0.15814811,Cashew anthracnose,Cashew healthy
C:\Users\haitr\OneDrive\Desktop\DL-Assignment-DNAC1\data\crop-pest-and-disease-detection\Tomato healthy\healthy72_.jpg,17,19,0.7673494,0.037928578,Tomato healthy,Tomato leaf curl
C:\Users\haitr\OneDrive\Desktop\DL-Assignment-DNAC1\data\crop-pest-and-disease-detection\Tomato septoria leaf spot\septoria leaf spot856_.jpg,20,21,0.6711375,0.15210918,Tomato septoria leaf spot,Tomato verticulium wilt
C:\Users\haitr\OneDrive\Desktop\DL-Assignment-DNAC1\data\crop-pest-and-disease-detection\Maize leaf spot\leaf spot818_.jpg,15,14,0.7373895,0.18080005,Maize leaf spot,Maize leaf blight
C:\Users\haitr\OneDrive\Desktop\DL-Assignment-DNAC1\data\crop-pest-and-disease-detection\Cassava brown spot\brown spot480_.jpg,6,5,0.5105814,0.2948333,Cassava brown spot,Cassava bacterial blight
C:\Users\haitr\OneDrive\Desktop\DL-Assignment-DNAC1\data\crop-pest-and-disease-detection\Tomato verticulium wilt\verticulium wilt361_.jpg,21,20,0.49404103,0.36440185,Tomato verticulium wilt,Tomato septoria leaf spot
C:\Users\haitr\OneDrive\Desktop\DL-Assignment-DNAC1\data\crop-pest-and-disease-detection\Tomato leaf blight\leaf blight978_.jpg,18,20,0.8566195,0.016813993,Tomato leaf blight,Tomato septoria leaf spot
C:\Users\haitr\OneDrive\Desktop\DL-Assignment-DNAC1\data\crop-pest-and-disease-detection\Cassava bacterial blight\bacterial blight2105_.jpg,5,6,0.7445555,0.0810283,Cassava bacterial blight,Cassava brown spot
C:\Users\haitr\OneDrive\Desktop\DL-Assignment-DNAC1\data\crop-pest-and-disease-detection\Maize leaf spot\leaf spot897_.jpg,15,14,0.909761,0.018496944,Maize leaf spot,Maize leaf blight
C:\Users\haitr\OneDrive\Desktop\DL-Assignment-DNAC1\data\crop-pest-and-disease-detection\Maize leaf spot\leaf spot424_.jpg,15,14,0.52509665,0.37255165,Maize leaf spot,Maize leaf blight
C:\Users\haitr\OneDrive\Desktop\DL-Assignment-DNAC1\data\crop-pest-and-disease-detection\Tomato septoria leaf spot\septoria leaf spot282_.jpg,20,18,0.83581126,0.05700254,Tomato septoria leaf spot,Tomato leaf blight
C:\Users\haitr\OneDrive\Desktop\DL-Assignment-DNAC1\data\crop-pest-and-disease-detection\Tomato leaf blight\leaf blight544_.jpg,18,19,0.7992756,0.0106939385,Tomato leaf blight,Tomato leaf curl
C:\Users\haitr\OneDrive\Desktop\DL-Assignment-DNAC1\data\crop-pest-and-disease-detection\Tomato leaf blight\leaf blight1277_.jpg,18,20,0.7721508,0.08306861,Tomato leaf blight,Tomato septoria leaf spot
C:\Users\haitr\OneDrive\Desktop\DL-Assignment-DNAC1\data\crop-pest-and-disease-detection\Tomato leaf curl\leaf curl73_.jpg,19,20,0.84087235,0.015769104,Tomato leaf curl,Tomato septoria leaf spot
C:\Users\haitr\OneDrive\Desktop\DL-Assignment-DNAC1\data\crop-pest-and-disease-detection\Maize leaf spot\leaf spot666_.jpg,15,16,0.9090629,0.022740941,Maize leaf spot,Maize streak virus
C:\Users\haitr\OneDrive\Desktop\DL-Assignment-DNAC1\data\crop-pest-and-disease-detection\Tomato verticulium wilt\verticulium wilt560_.jpg,21,18,0.91458315,0.0043559107,Tomato verticulium wilt,Tomato leaf blight
C:\Users\haitr\OneDrive\Desktop\DL-Assignment-DNAC1\data\crop-pest-and-disease-detection\Tomato leaf blight\leaf blight81_.jpg,18,20,0.8397747,0.025520755,Tomato leaf blight,Tomato septoria leaf spot
C:\Users\haitr\OneDrive\Desktop\DL-Assignment-DNAC1\data\crop-pest-and-disease-detection\Maize leaf beetle\leaf beetle386_.jpg,13,15,0.40345526,0.022169665,Maize leaf beetle,Maize leaf spot
C:\Users\haitr\OneDrive\Desktop\DL-Assignment-DNAC1\data\crop-pest-and-disease-detection\Cassava green mite\green mite343_.jpg,7,5,0.3705887,0.25192612,Cassava green mite,Cassava bacterial blight
C:\Users\haitr\OneDrive\Desktop\DL-Assignment-DNAC1\data\crop-pest-and-disease-detection\Cassava bacterial blight\bacterial blight1366_.jpg,5,0,0.51462924,0.16783014,Cassava bacterial blight,Cashew anthracnose
C:\Users\haitr\OneDrive\Desktop\DL-Assignment-DNAC1\data\crop-pest-and-disease-detection\Maize leaf spot\leaf spot695_.jpg,15,14,0.8788238,0.039703067,Maize leaf spot,Maize leaf blight
C:\Users\haitr\OneDrive\Desktop\DL-Assignment-DNAC1\data\crop-pest-and-disease-detection\Cashew anthracnose\anthracnose1289_.jpg,0,15,0.17357409,0.0555842,Cashew anthracnose,Maize leaf spot
C:\Users\haitr\OneDrive\Desktop\DL-Assignment-DNAC1\data\crop-pest-and-disease-detection\Maize fall armyworm\fall armyworm208_.jpg,10,1,0.60818577,0.15287273,Maize fall armyworm,Cashew gumosis
C:\Users\haitr\OneDrive\Desktop\DL-Assignment-DNAC1\data\crop-pest-and-disease-detection\Tomato septoria leaf spot\septoria leaf spot154_.jpg,20,18,0.9034648,0.0037490847,Tomato septoria leaf spot,Tomato leaf blight
C:\Users\haitr\OneDrive\Desktop\DL-Assignment-DNAC1\data\crop-pest-and-disease-detection\Tomato verticulium wilt\verticulium wilt618_.jpg,21,18,0.4934568,0.14334391,Tomato verticulium wilt,Tomato leaf blight
C:\Users\haitr\OneDrive\Desktop\DL-Assignment-DNAC1\data\crop-pest-and-disease-detection\Tomato leaf blight\leaf blight850_.jpg,18,20,0.8631516,0.061930288,Tomato leaf blight,Tomato septoria leaf spot
C:\Users\haitr\OneDrive\Desktop\DL-Assignment-DNAC1\data\crop-pest-and-disease-detection\Maize leaf spot\leaf spot127_.jpg,15,14,0.45172474,0.32142553,Maize leaf spot,Maize leaf blight
C:\Users\haitr\OneDrive\Desktop\DL-Assignment-DNAC1\data\crop-pest-and-disease-detection\Tomato leaf blight\leaf blight481_.jpg,18,21,0.9379048,0.0051540285,Tomato leaf blight,Tomato verticulium wilt
C:\Users\haitr\OneDrive\Desktop\DL-Assignment-DNAC1\data\crop-pest-and-disease-detection\Maize leaf blight\leaf blight16_.jpg,14,15,0.84096766,0.010250307,Maize leaf blight,Maize leaf spot
C:\Users\haitr\OneDrive\Desktop\DL-Assignment-DNAC1\data\crop-pest-and-disease-detection\Maize streak virus\streak virus1003_.jpg,16,15,0.49916893,0.27147183,Maize streak virus,Maize leaf spot
C:\Users\haitr\OneDrive\Desktop\DL-Assignment-DNAC1\data\crop-pest-and-disease-detection\Tomato leaf curl\leaf curl385_.jpg,19,17,0.8995609,0.0061995275,Tomato leaf curl,Tomato healthy
C:\Users\haitr\OneDrive\Desktop\DL-Assignment-DNAC1\data\crop-pest-and-disease-detection\Maize leaf spot\leaf spot491_.jpg,15,14,0.5763535,0.24123646,Maize leaf spot,Maize leaf blight
C:\Users\haitr\OneDrive\Desktop\DL-Assignment-DNAC1\data\crop-pest-and-disease-detection\Cashew anthracnose\anthracnose1204_.jpg,0,3,0.38415512,0.3793326,Cashew anthracnose,Cashew leaf miner
C:\Users\haitr\OneDrive\Desktop\DL-Assignment-DNAC1\data\crop-pest-and-disease-detection\Maize leaf spot\leaf spot360_.jpg,15,14,0.49952677,0.12458992,Maize leaf spot,Maize leaf blight
C:\Users\haitr\OneDrive\Desktop\DL-Assignment-DNAC1\data\crop-pest-and-disease-detection\Maize leaf blight\leaf blight566_.jpg,14,15,0.5605331,0.32186854,Maize leaf blight,Maize leaf spot
C:\Users\haitr\OneDrive\Desktop\DL-Assignment-DNAC1\data\crop-pest-and-disease-detection\Cashew anthracnose\anthracnose785_.jpg,0,2,0.35438895,0.31866837,Cashew anthracnose,Cashew healthy
